"CÔNG TY TNHH CÔNG NGHỆ VÀ TRUYỀN THÔNG DANASEO MST: 0402001765 | STK 1105275555 - Vietcombank Đà Nẵng Email: contact@danaseo.net - Hotline: 0935 366 228 Đơn hàng từ 3tr tặng 1 GP (tối đa 5 gp), XEM LIST GP TẶNG FREE Stt","Tên báo","GIÁ 
BAO CONTENT (vi)","Yêu cầu bài viết","","","","","","","","","","","","","",""
"1","Angiangtv.vn","890.000","1000 từ  - 5 ảnh - 2 link dof ","","","","","","","","","","","","","",""
"2","Baodanang.vn","1.000.000","1000 từ  - 5 ảnh - 2 link dof - Có ĐKKD","","","","","","","","","","","","","",""
"3","Baotuyenquang.com.vn","1.050.000","1000 từ  - 5 ảnh - 2 link dof ","","","","","","","","","","","","","",""
"4","Baothanhhoa.vn","1.500.000","1000 từ  - 4 ảnh - 2 link dof chỉ nhận domain .vn + ĐKKD","","","","","","","","","","","","","",""
"5","Baohatinh.vn","1.050.000","1000 từ  - 5 ảnh - 2 link dof ","","","","","","","","","","","","","",""
"6","baodongnai.com.vn","1.100.000","1000 từ  - 5 ảnh - 2 link dof ","","","","","","","","","","","","","",""
"8","Baoangiang.com.vn","1.200.000","1000 từ  - 5 ảnh - 2 link dof ","","","","","","","","","","","","","",""
"9","Baothainguyen.vn","1.500.000","800 từ  - 3 ảnh - 2 link dof - Có ĐKKD","","","","","","","","","","","","","",""
"10","https://phunumoi.net.vn/","1.200.000","1000 từ  - 3-5 ảnh - 2 link dof ","","","","","","","","","","","","","",""
"11","baolamdong.vn","1.600.000","1000 từ  - 5 ảnh - 2 link dof ","","","","","","","","","","","","","",""
"12","Baotayninh.vn","1.550.000","1000 từ  - 5 ảnh - 2 link dof ","","","","","","","","","","","","","",""
"13","Sohuutritue.net.vn","1.550.000","1000 từ  - 5 ảnh - 2 link dof ","","","","","","","","","","","","","",""
"14","Baocantho.com.vn","1.600.000","1000 từ  - 4 ảnh - 2 link dof ","","","","","","","","","","","","","",""
"15","Baoquangninh.vn","1.600.000","1000 từ  - 5 ảnh - 2 link dof + ĐKKD","","","","","","","","","","","","","",""
"16","baodienbienphu.vn","1.200.000","1000 từ  - 5 ảnh - 2 link dof ","","","","","","","","","","","","","",""
"17","baophutho.vn","1.300.000","1000 từ  - 5 ảnh - 2 link dof ","","","","","","","","","","","","","",""
"18","baolangson.vn","1.800.000","1000 từ  - 5 ảnh - 2 link dof","","","","","","","","","","","","","",""
"19","baocamau.vn","1.400.000","1000 từ  - 3-5 ảnh - 2 link dof ","","","","","","","","","","","","","",""
"20","baovinhlong.com.vn","1.350.000","1000 từ  - 2 ảnh - 2 link dof ","","","","","","","","","","","","","",""
"21","baodongthap.vn","2.900.000","700 từ  - 3-5 ảnh - 2 link dof ","","","","","","","","","","","","","",""
"22","https://vietstock.vn/","1.999.000","1000 từ  - 3 ảnh - 2 link dof - - đăng đồng thời trên fili.vn FREE","","","","","","","","","","","","","",""
"23","truyenhinhnghean.vn","1.900.000","1000 từ  - 5 ảnh - 2 link dof + ĐKKD","","","","","","","","","","","","","",""
"24","Baocaobang.vn","1.800.000","1000 từ  - 5 ảnh - 2 link dof ","","","","","","","","","","","","","",""
"25","https://baolaocai.vn/","3.800.000","1000 từ  - 3 ảnh - 2 link nof","","","","","","","","","","","","","",""
"26","baodaklak.vn","4.500.000","1000 từ  - 2 ảnh - 1 link dof","","","","","","","","","","","","","",""
"27","baonghean.vn","2.450.000","1000 từ  - 3 ảnh - 2 link nof + ĐKKD","","","","","","","","","","","","","",""
"28","baoxaydung.vn","1.900.000","1000 từ  - 3 ảnh (1,1tr/link nof)","","","","","","","","","","","","","",""
"29","tapchixaydung.vn","2.100.000","1000 từ  - 3 ảnh - 2 link dof ","","","","","","","","","","","","","",""
"30","Vietbao.vn","1.980.000","1000 từ  - 3 ảnh - 2 link dof ","","","","","","","","","","","","","",""
"31","Thethaovanhoa.vn","2.000.000","1000 từ  - 3 ảnh - 2 link dof ","","","","","","","","","","","","","",""
"32","Tuoitrexahoi.vn","1.200.000","1000 từ  - 3 ảnh - 2 link dof ","","","","","","","","","","","","","",""
"33","Bienphong.com.vn","1.400.000","1000 từ - 3 ảnh - 2 link dof ","","","","","","","","","","","","","",""
"34","anninhthudo.vn","2.600.000","800-1000 từ  - 2 ảnh - 2 link","","","","","","","","","","","","","",""
"35","thuonghieuvaphapluat.vn","1.700.000","1000 từ  - 5 ảnh - 2 link dof","","","","","","","","","","","","","",""
"36","kinhtemoitruong.vn","3.000.000","1000 từ  - 3 ảnh - 1 link dof","","","","","","","","","","","","","",""
"37","http://giaoducthudo.giaoducthoidai.vn/","1.500.000","1000 từ  - 3 ảnh - 2 link dof","","","","","","","","","","","","","",""
"38","nguoihanoi.vn","2.400.000","1500 từ  - 5 ảnh - 2 link dof","","","","","","","","","","","","","",""
"1","KHÁCH HÀNG VUI LÒNG ĐỌC KỸ QUY ĐỊNH (CK MUA BÁO MẶC ĐỊNH ĐỒNG Ý)","","","","","","","","","","","","","","","",""
"2","Giá đã bao gồm content lên báo tỉnh, KH chỉ cần gửi anchor text và URL","","","","","","","","","","","","","","","",""
"3","Giá chưa bao gồm VAT 8%","","","","","","","","","","","","","","","",""
"4","Công ty có xuất hóa đơn VAT và hợp đồng đầy đủ cho KH công ty","","","","","","","","","","","","","","","",""
"5","Cọc tối thiểu 50% để viết bài và đăng báo, 100% với báo lớn","","","","","","","","","","","","","","","",""
"6","Chỉ nhận các bài viết lĩnh vực được cho phép của pháp luật.","","","","","","","","","","","","","","","",""
"7","Không quảng bá ngôn từ đả kích, tuyên truyền chống phá nhà nước, tác phẩm đồi trụy...","","","","","","","","","","","","","","","",""
"8","Cần có giấy phép kinh doanh đầy đủ.","","","","","","","","","","","","","","","",""
"9","Các đầu báo là sự quản lý của nhà nước - cục thông tin, nên khi bài viết đăng tải chúng tôi cam kết không bao giờ được xóa khi không có sự cho phép của KH nhưng còn link out ra ngoài thì báo có quyền xem gỡ bỏ nếu về sau trang đích của bạn chỉnh sửa vi phạm pháp luật hay tuyên truyền chống phá nhà nước, trang bị công an niêm phong....","","","","","","","","","","","","","","","",""
"10","Bài đăng lên báo là tồn tại theo domain/chính sách từng báo. (BH tối thiểu 1 năm, TH site tạm dừng hoạt động, bất khả kháng không BH)","","","","","","","","","","","","","","","",""
"11","Hiện tại theo hợp đồng ký kết thì 100% chèn link dof và nof tùy theo từng site, tuy nhiên có thể sau này các Báo thay đổi chính sách hoặc quy định của Nhà nước chuyển từ dof về nof hoặc xóa bỏ không chèn link.","","","","","","","","","","","","","","","",""
"12","Khách hàng vui lòng check kỹ bài demo trước khi gửi, nếu sai sót do bạn thì báo không chỉnh sửa, chúng tôi cũng không chịu trách nhiệm. Bạn vẫn phải thanh toán đủ 100%.","","","","","","","","","","","","","","","",""
"13","Bài đăng là theo đúng chính sách báo/tin tức/tạp chí - nhưng có 1 số trường hợp trang báo do bị hack; làm sai pháp luật bị Nhà Nước xóa thì bài của KH trên đó cũng bị xóa hoặc mất, mong KH thông cảm và chấp nhận.","","","","","","","","","","","","","","","",""
"14","","","","","","","","","","","","","","","","",""
"15","","","","","","","","","","","","","","","","",""
"16","Khách hàng vui lòng đọc kỹ các quy định trên trước khi thanh toán, nếu không thắc mắc mặc định đồng ý với quy định của chúng tôi!","","","","","","","","","","","","","","","",""