"Stt","CHO THUÊ TOPLIST Chúng tôi cho thuê toplist các bài viết top giá từ 300k/tháng tại các local Hà Nội, TPHCM, Đà Nẵng. Quý khách hàng có nhu cầu vui lòng liên hệ nhân viên tư vấn để kiểm tra theo từ khóa cần thiết CLICK XEM BÁO GIÁ TỪNG SITE Site","",""
"1","hcmtoplist.com","Toplist Hồ Chí Minh",""
"2","hanoitoplist.com","Toplist Hà Nội",""
"3","top10danang.com","Toplist Đà Nẵng",""
"4","chonthuonghieu.com","Chonthuonghieu",""
"5","danhgiasao.com","Toplist Đánh Giá",""
"6","https://angiangtoplist.com/","Toplist An Giang",""
"7","https://bentretoplist.com/","Toplist Bến Tre",""
"8","https://ngheantoplist.net/","Toplist Nghệ An",""
"9","https://phuthotoplist.com/","Toplist Phú Thọ",""
"10","https://thanhhoatoplist.com/","Toplist Thanh Hóa",""
"11","https://quangnamtoplist.com/","Toplist Quảng Nam",""
"12","https://thaibinhtoplist.com/","Toplist Thái Bình",""
"13","https://binhduongtoplist.com/","Toplist Bình Dương",""
"14","https://quangbinhtoplist.com/","Toplist Quảng Bình",""
"15","https://dongnaitoplist.com/","Toplist Đồng Nai",""
"16","thanhpho.danang.vn","Toplist Đà Nẵng",""
"17","https://huetoplist.vn/","Toplist Huế",""
"18","https://binhdinhtoplist.com/","Toplist Binh Định",""
"19","https://haiphongtoplist.com/","Toplist Hải Phòng",""
"20","https://bacninhtoplist.com/","Toplist Bắc Ninh",""
"21","https://quangninhtoplist.com/","Toplist Quảng Ninh",""
"22","https://hatinhtoplist.com/","Toplist Hà Tĩnh",""
"23","https://tiengiangtoplist.vn/","Toplist Tiền Giang",""
"24","https://lamdongtoplist.com/","Toplist Lâm Đồng",""
"25","https://ninhbinhtoplist.com/","Toplist Ninh Bình",""
"26","https://vinhlongtoplist.com/","Toplist Vĩnh Long",""
"27","https://haiduongtoplist.com/","Toplist Hải Dương",""
"28","https://dongthaptoplist.com/","Toplist Đồng Tháp",""
"29","https://hungyentoplist.com/","Toplist Hưng Yên",""
"30","powersteam.vn","Toplist về xe",""
"31","thucanh.vn","Toplist thú cưng",""
"32","topaz.vn","TopAZ",""
"33","hanoireview.vn","Hà Nội Review",""
"34","saigonreview.vn","Sài Gòn Review",""
"35","quynhonreview.vn","Quy Nhơn review",""
"36","hellodanang.vn","Hello Đà Nẵng",""
"37","binhduongreview.vn","Bình Dương review",""
"38","wikithammy.com","Chỉ nhận làm đẹp ",""