domain,dr
phapluatvacuocsong.vn,35
phongthuytaitam.vn,1.3
phongvuarc.com,0.3
phunuhiendai.vn,56
phunumoi.net.vn,47
phunusuckhoe.giadinhonline.vn,57
phunutoday.vn,68
phunuvagiadinh.vn,50
phunuvietnam.vn,70
phuot247.vn,1.2
phuthotoplist.com,5
plo.vn,79
pmcaonline.org,55
powersteam.vn,12
proreviewbuzz.com,4
qta.org.vn,7
qtc.vn,0.8
quangbinhtoplist.com,4.3
quangnamtoplist.com,3.7
quangninhcogi.vn,7
quangninhtoplist.com,2.7
quynhonreview.vn,15
reatimes.vn,67
recerd.org.vn,7
remnhuanganlanh.vn,3.7
reportsherald.com,6
richannel.org,46
royalbuffet.vn,10
sabudo.vn,0.7
saigonreview.vn,36
sanbongchaolua.com,1.4
sanbongdahca.com,0.8
sanbongdamhong2.com,1.6
sanbonglathanh.com,0.7
sanvatphuongnam.vn,5
saostar.vn,70
scholarlyoa.com,63
slidez.vn,0.8
smokinjoesribranch.com,22
soha.vn,77
sohuutritue.net.vn,66
songdep.com.vn,32
songsachfood.com,4.1
soundhealthdoctor.com,6
suadiennuoctainha.com.vn,0
suadogotainha.com.vn,5
suaxedung.com,0
suaxeluudong.vn,24
suaxemay24h.com,0
suaxemaytainha.com,10
suckhoecongdongonline.vn,50
suckhoedoisong.vn,82
suckhoegiadinhvietnam.com,20
suckhoephapluat.nguoiduatin.vn,76
suckhoevacongdong.vn,31
suckhoeviet.org.vn,60
suoiluong.com.vn,2.1
tainguyenvamoitruong.com.vn,10
tapchikientruc.com.vn,69
tapchinghiencuuphathoc.vn,35
tapchitoaan.vn,56
tapchivietduc.vn,28
tapchixaydung.vn,58
taxibinhan.vn,4.8
taybaclaw.edu.vn,20
tcnhadep.com,45
techlogus.com,2.4
technologyguiders.com,3.9
techrum.vn,54
techsfeed.com,0
techz.vn,69
thaibinhtoplist.com,18
thanhhoatoplist.com,5
thanhnien.vn,86
thanhnienviet.vn,57
thanhpho.danang.vn,33
thebestbuyguide.com,1.3
thegioimatkinh.com.vn,0
theisozone.com,38
thesaigontimes.vn,74
thethao247.vn,73
thethaovanhoa.vn,73
thethaovietnam.vn,28
thevideoink.com,53
thewashingtonnote.com,50
thezenuniverse.org,13
thieunien.vn,48
thitruongbiz.vn,7
thitruongngaynay.vn,14
thuanphat.edu.vn,4.6
thucanh.vn,1.6
thuexemay.com.vn,1.1
thuonghieucongluan.com.vn,67
thuonghieuphattrien.com,27
thuonghieuvaphapluat.vn,53
thutucxuatnhapkhau.net,2.6
thuviendohoa.vn,1.7
tiengiangtoplist.vn,4.9
tienphatjsc.vn,24
tienphong.vn,82
