domain,status,chi_tiet
24h.com.vn,200,https://www.24h.com.vn/
24hexpress.vn,ERR,"HTTPSConnectionPool(host='24hexpress.vn', port=443): Max retries exceeded with u"
2sao.vn,200,https://2sao.vn/
3dsmax.com.vn,200,https://3dsmax.com.vn/
6streamsxy.com,ERR,"HTTPSConnectionPool(host='6streamsxy.com', port=443): Max retries exceeded with "
78store.vn,ERR,"HTTPSConnectionPool(host='78store.vn', port=443): Max retries exceeded with url:"
7starhd.la,ERR,"HTTPSConnectionPool(host='7starhd.la', port=443): Max retries exceeded with url:"
Afamily.vn (Áp dụng giá từ 20/5/2026),ERR,Failed to parse: https://Afamily.vn (Áp dụng giá từ 20/5/2026)
Baotayninh.vn (BÁO MỚI VỀ),ERR,Failed to parse: https://Baotayninh.vn (BÁO MỚI VỀ)
Báo pháp luật Plo.vn,ERR,Failed to parse: https://Báo pháp luật Plo.vn
Kênh 14.vn,ERR,Failed to parse: https://Kênh 14.vn
Thethaovanhoa.vn (Mục bạn cần biết),ERR,Failed to parse: https://Thethaovanhoa.vn (Mục bạn cần biết)
Vietstock.vn (BÁO MỚI VỀ),ERR,Failed to parse: https://Vietstock.vn (BÁO MỚI VỀ)
actionenglish.vn,200,https://actionenglish.vn/
adoreyou.vn,ERR,"HTTPSConnectionPool(host='adoreyou.vn', port=443): Max retries exceeded with url"
advertisingvietnam.com,200,https://advertisingvietnam.com/
afamily.vn,200,https://afamily.vn/
agiare.vn,ERR,"HTTPSConnectionPool(host='agiare.vn', port=443): Max retries exceeded with url: "
aktinmotion.com,200,https://aktinmotion.com/
algopro.vn,ERR,"HTTPSConnectionPool(host='algopro.vn', port=443): Max retries exceeded with url:"
alobacsi.com,200,https://alobacsi.com/
alongtheboards.com,200,https://alongtheboards.com/
ambalgvn.org.vn,ERR,"HTTPSConnectionPool(host='ambalgvn.org.vn', port=443): Max retries exceeded with"
amthuc10phut.vn,200,https://amthuc10phut.vn/
angiangtoplist.com,200,https://angiangtoplist.com/
angiangtv.vn,200,https://angiangtv.vn/
anhsang.edu.vn,ERR,"HTTPSConnectionPool(host='anhsang.edu.vn', port=443): Max retries exceeded with "
animestore.vn,ERR,"HTTPSConnectionPool(host='animestore.vn', port=443): Max retries exceeded with u"
anninhthudo.vn,200,https://anninhthudo.vn/
aocuoimoc.vn,ERR,"HTTPSConnectionPool(host='aocuoimoc.vn', port=443): Max retries exceeded with ur"
aothundepsg.com,ERR,"HTTPSConnectionPool(host='aothundepsg.com', port=443): Max retries exceeded with"
aothungame.vn,ERR,"HTTPSConnectionPool(host='aothungame.vn', port=443): Max retries exceeded with u"
apnews.com,200,https://apnews.com/
appwe.vn,ERR,"HTTPSConnectionPool(host='appwe.vn', port=443): Max retries exceeded with url: /"
aquila-style.com,200,https://aquila-style.com/
arcencielhotel.com.vn,200,https://arcencielhotel.com.vn/
atmganday.net,ERR,"HTTPSConnectionPool(host='atmganday.net', port=443): Max retries exceeded with u"
atotalnews.com,200,https://atotalnews.com/
autopro.com.vn,200,https://autopro.com.vn/
avinowines.vn,ERR,"HTTPSConnectionPool(host='avinowines.vn', port=443): Max retries exceeded with u"
bacninhtoplist.com,200,https://bacninhtoplist.com/
banawa.com.vn,ERR,"HTTPSConnectionPool(host='banawa.com.vn', port=443): Max retries exceeded with u"
banchungcumini.vn,200,https://banchungcumini.vn/
banobagi.com.vn,ERR,"HTTPSConnectionPool(host='banobagi.com.vn', port=443): Max retries exceeded with"
banptktcn-ninhbinh.vn,200,https://banptktcn-ninhbinh.vn/
banvatlieuxaydung.net,200,https://banvatlieuxaydung.net/
baoangiang.com.vn,200,https://baoangiang.com.vn/
baobihoatrung.com.vn,200,https://baobihoatrung.com.vn/
baocamau.vn,200,https://baocamau.vn/
baocantho.com.vn,200,https://baocantho.com.vn/
baocaobang.vn,200,https://baocaobang.vn/
baocaobang.vn BÁO MỚI VỀ,ERR,Failed to parse: https://baocaobang.vn BÁO MỚI VỀ
baodaklak.vn,200,https://baodaklak.vn/
baodanang.vn,200,https://baodanang.vn/
baodautu.vn,200,https://baodautu.vn/
baodienbienphu.com.vn,ERR,"HTTPSConnectionPool(host='baodienbienphu.com.vn', port=443): Max retries exceede"
baodienbienphu.vn,200,https://baodienbienphu.vn/
baodongnai.com.vn,200,https://baodongnai.com.vn/
baodongthap.vn,200,https://baodongthap.vn/
baogialai.com.vn,200,https://baogialai.com.vn/
baohatinh.vn,200,https://baohatinh.vn/
baohungyen.vn,200,https://baohungyen.vn/
baolamdong.vn,200,https://baolamdong.vn/
baolangson.vn,200,https://baolangson.vn/
baolaocai.vn,200,https://baolaocai.vn/
baonghean.vn,200,https://baonghean.vn/
baonghean.vn (BÁO MỚI VỀ),ERR,Failed to parse: https://baonghean.vn (BÁO MỚI VỀ)
baophapluat.vn,200,https://baophapluat.vn/
baophutho.vn,200,https://baophutho.vn/
baoquangninh.vn,200,https://baoquangninh.vn/
baoquocte.vn,200,https://baoquocte.vn/
baotayninh.vn,200,https://baotayninh.vn/
baothainguyen.vn,200,https://baothainguyen.vn/
baothanhhoa.vn,200,https://baothanhhoa.vn/
baothuathienhue.vn,200,https://huengaynay.vn/
baotuyenquang.com.vn,200,https://baotuyenquang.com.vn/
baovanhoa.vn,ERR,"HTTPSConnectionPool(host='baovanhoa.vn', port=443): Read timed out. (read timeou"
baovexuongkhop.vn,ERR,"HTTPSConnectionPool(host='baovexuongkhop.vn', port=443): Max retries exceeded wi"
baovinhlong.com.vn,200,https://baovinhlong.com.vn/
baoxaydung.com.vn,200,https://baoxaydung.vn/
baoxaydung.vn,200,https://baoxaydung.vn/
barefootsworld.net,200,https://barefootsworld.net/
bariavungtautourism.com.vn,200,https://bariavungtautourism.com.vn/
basicact.com,ERR,"HTTPSConnectionPool(host='basicact.com', port=443): Max retries exceeded with ur"
batdongsan.com.vn,403,https://batdongsan.com.vn/
batdongsan49.vn,ERR,"HTTPSConnectionPool(host='batdongsan49.vn', port=443): Max retries exceeded with"
batterydown.vn,ERR,"HTTPSConnectionPool(host='batterydown.vn', port=443): Max retries exceeded with "
bau.vn,200,https://bau.vn/
bbc.com,502,https://bbc.com/
beginagainfilm.com,200,https://beginagainfilm.com/
bentretoplist.com,200,https://bentretoplist.com/
benzinga.com,200,https://www.benzinga.com/
bepbungbu.vn,ERR,"HTTPSConnectionPool(host='bepbungbu.vn', port=443): Max retries exceeded with ur"
besti.vn,ERR,"HTTPSConnectionPool(host='besti.vn', port=443): Max retries exceeded with url: /"
betong.net.vn,200,https://betong.net.vn/
betongtuoi.net.vn,ERR,"HTTPSConnectionPool(host='betongtuoi.net.vn', port=443): Max retries exceeded wi"
bhfood.vn,ERR,"HTTPSConnectionPool(host='bhfood.vn', port=443): Max retries exceeded with url: "
bienphong.com.vn,200,https://bienphong.com.vn/
bietdienhotel.com.vn,200,https://bietdienhotel.com.vn/
binhdinhtoplist.com,200,https://binhdinhtoplist.com/
binhduongreview.vn,200,https://binhduongreview.vn/
binhduongtoplist.com,200,https://www.binhduongtoplist.com/
biochain.vn,ERR,"HTTPSConnectionPool(host='biochain.vn', port=443): Max retries exceeded with url"
bkcare.vn,200,https://bkcare.vn/
blog.swio.vn,ERR,"HTTPSConnectionPool(host='blog.swio.vn', port=443): Max retries exceeded with ur"
bloomberg.com,403,https://www.bloomberg.com/
bocxepmiennam.vn,404,https://bocxepmiennam.vn/
bomotnanggialai.vn,200,https://bomotnanggialai.vn/
bongdaplus.vn,200,https://bongdaplus.vn/
bosch-hanoi.com.vn,404,https://bosch-hanoi.com.vn/
brandsvietnam.com,200,https://www.brandsvietnam.com/
brgrubytreegolf.vn,ERR,"HTTPSConnectionPool(host='brgrubytreegolf.vn', port=443): Max retries exceeded w"
btlondonlive.com,200,https://www.btlondonlive.com/
bunbothoda.com.vn,ERR,"HTTPSConnectionPool(host='bunbothoda.com.vn', port=443): Max retries exceeded wi"
bunsongthan.vn,ERR,"HTTPSConnectionPool(host='bunsongthan.vn', port=443): Max retries exceeded with "
businessinsider.com,200,https://www.businessinsider.com/
bvtkontum.com.vn,ERR,"HTTPSConnectionPool(host='bvtkontum.com.vn', port=443): Max retries exceeded wit"
cacanhnho.com,200,https://cacanhnho.com/
cadasa.vn,ERR,"HTTPSConnectionPool(host='cadasa.vn', port=443): Max retries exceeded with url: "
cafebiz.vn,200,https://cafebiz.vn/
cafedautu.vn,200,https://cafedautu.vn/
cafef.vn,200,https://cafef.vn/
cafeganday.com,ERR,"HTTPSConnectionPool(host='cafeganday.com', port=443): Max retries exceeded with "
cafeland.vn,200,https://cafeland.vn/
californiabeat.org,200,https://www.californiabeat.org/
camnangsuckhoeso.net,200,https://camnangsuckhoeso.net/
cand.com.vn,200,https://cand.vn/
casiostore.vn,200,https://casiostore.vn/
caycongtrinh24h.vn,200,https://caycongtrinh24h.vn/
caymotuthan.vn,ERR,"HTTPSConnectionPool(host='caymotuthan.vn', port=443): Max retries exceeded with "
cayxangganday.net,ERR,"HTTPSConnectionPool(host='cayxangganday.net', port=443): Max retries exceeded wi"
cbdgain.com,200,https://www.cbdgain.com/
cdchaugiang.org.vn,ERR,"HTTPSConnectionPool(host='cdchaugiang.org.vn', port=443): Max retries exceeded w"
cdctuyenquang.vn,ERR,"HTTPSConnectionPool(host='cdctuyenquang.vn', port=443): Max retries exceeded wit"
chamsua.vn,ERR,"HTTPSConnectionPool(host='chamsua.vn', port=443): Max retries exceeded with url:"
chichiemem.vn,ERR,"HTTPSConnectionPool(host='chichiemem.vn', port=443): Max retries exceeded with u"
chickenla-e.vn,ERR,"HTTPSConnectionPool(host='chickenla-e.vn', port=443): Max retries exceeded with "
chienthanky.vn,ERR,"HTTPSConnectionPool(host='chienthanky.vn', port=443): Max retries exceeded with "
chocanh.vn,ERR,"HTTPSConnectionPool(host='chocanh.vn', port=443): Max retries exceeded with url:"
chohaisanonline.vn,200,https://chohaisanonline.vn/
chonongsankhanhhoa.vn,ERR,"HTTPSConnectionPool(host='chonongsankhanhhoa.vn', port=443): Max retries exceede"
chonthuonghieu.com,200,https://chonthuonghieu.com/
chuabaidinhninhbinh.vn,200,https://chuabaidinhninhbinh.vn/
chungcuhungthinhlinhdam.com.vn,200,https://guestpost.vn/
chungcumuongthanh.net.vn,200,https://guestpost.vn/
chuthapdoquangninh.org.vn,ERR,"HTTPSConnectionPool(host='chuthapdoquangninh.org.vn', port=443): Max retries exc"
ciicentral.com,200,https://ciicentral.com/
cnbc.com,200,https://www.cnbc.com/world/?region=world
cnet.com,200,https://www.cnet.com/
cobid.org,200,https://cobid.org/
cohousing.vn,ERR,"HTTPSConnectionPool(host='cohousing.vn', port=443): Max retries exceeded with ur"
coldsoulsthemovie.com,200,https://coldsoulsthemovie.com/
colkidsclub.vn,ERR,"HTTPSConnectionPool(host='colkidsclub.vn', port=443): Max retries exceeded with "
comeaucomputing.com,200,https://www.comeaucomputing.com/
comentarium.com,200,https://comentarium.com/
congan.com.vn,200,https://congan.com.vn/
congdoanvienchucvn.org.vn,ERR,"HTTPSConnectionPool(host='congdoanvienchucvn.org.vn', port=443): Max retries exc"
congdonglamdep.vn,ERR,"HTTPSConnectionPool(host='congdonglamdep.vn', port=443): Max retries exceeded wi"
congluan.vn,200,https://congluan.vn/
congly.vn,200,https://congly.vn/
congthuong.vn,200,https://congthuong.vn/
conversestore.vn,ERR,"HTTPSConnectionPool(host='conversestore.vn', port=443): Max retries exceeded wit"
cotrang.org,200,https://cotrang.org/
countrygarden.vn,ERR,"HTTPSConnectionPool(host='countrygarden.vn', port=443): Max retries exceeded wit"
cozabebe.vn,ERR,"HTTPSConnectionPool(host='cozabebe.vn', port=443): Max retries exceeded with url"
cozyvietnamtravel.vn,200,https://cozyvietnamtravel.vn/
crexport.vn,ERR,"HTTPSConnectionPool(host='crexport.vn', port=443): Max retries exceeded with url"
crisisshelter.org,200,https://www.crisisshelter.org/
cuanhuanamwindows.com,200,https://cuanhuanamwindows.com/
cuoixastress.com,200,https://cuoixastress.com/
customcat.vn,ERR,"HTTPSConnectionPool(host='customcat.vn', port=443): Max retries exceeded with ur"
cuuhoxe.vn,ERR,"HTTPSConnectionPool(host='cuuhoxe.vn', port=443): Max retries exceeded with url:"
cuuhoxemayhanoi.vn,ERR,"HTTPSConnectionPool(host='cuuhoxemayhanoi.vn', port=443): Max retries exceeded w"
dacnguyen.vn,ERR,"HTTPSConnectionPool(host='dacnguyen.vn', port=443): Max retries exceeded with ur"
daihocluathn.edu.vn,ERR,"HTTPSConnectionPool(host='daihocluathn.edu.vn', port=443): Max retries exceeded "
dailymail4you.com,200,https://dailymail4you.com/
daituongquan.vn,ERR,"HTTPSConnectionPool(host='daituongquan.vn', port=443): Max retries exceeded with"
daklak24h.com.vn,ERR,"HTTPSConnectionPool(host='daklak24h.com.vn', port=443): Read timed out. (read ti"
danangaz.com,200,https://danangaz.com/
dangkiem5006v.com.vn,ERR,"HTTPSConnectionPool(host='dangkiem5006v.com.vn', port=443): Max retries exceeded"
danhgiasao.com,200,https://danhgiasao.com/
danhgiathuonghieu.vn,200,https://danhgiathuonghieu.vn/
dantri.com.vn,200,https://dantri.com.vn/
danviet.vn,200,https://danviet.vn/
daotaoquoctedhxd.edu.vn,ERR,"HTTPSConnectionPool(host='daotaoquoctedhxd.edu.vn', port=443): Max retries excee"
datnuoc.com.vn,ERR,"HTTPSConnectionPool(host='datnuoc.com.vn', port=443): Max retries exceeded with "
dayhocchudong.com,ERR,"HTTPSConnectionPool(host='dayhocchudong.com', port=443): Max retries exceeded wi"
dds.com.vn,200,https://dds.com.vn/
dep.com.vn,200,https://dep.com.vn/
dephonnua.com,ERR,"HTTPSConnectionPool(host='dephonnua.com', port=443): Max retries exceeded with u"
diadiemthanhhoa.com,200,https://diadiemthanhhoa.com/
dichbiensoxe.online,200,https://dichbiensoxe.online/
dichvu3gmobifone.vn,ERR,"HTTPSConnectionPool(host='dichvu3gmobifone.vn', port=443): Max retries exceeded "
dichvusonnha.vn,200,https://dichvusonnha.vn/
diendandoanhnghiep.vn,200,https://diendandoanhnghiep.vn/
dienlanhdh.com,200,https://dienlanhdh.com/
digitalgamersdream.com,200,https://digitalgamersdream.com/
digitaljournal.com,200,https://www.digitaljournal.com/
digitby.com,200,https://digitby.com/
dntbinhduong.org.vn,200,https://dntbinhduong.org.vn/
doanhnghiephoinhap.vn,200,https://doanhnghiephoinhap.vn/
doanhnghiepkinhtexanh.vn,200,https://doanhnghiepkinhtexanh.vn/
doanhnghiepvn.vn,200,https://doanhnghiepvn.vn/
doanhnhan.vn,200,https://doanhnhan.baophapluat.vn/
doanhnhanonile.com.vn,ERR,"HTTPSConnectionPool(host='doanhnhanonile.com.vn', port=443): Max retries exceede"
doanhnhanphuonghoang.vn,ERR,"HTTPSConnectionPool(host='doanhnhanphuonghoang.vn', port=443): Max retries excee"
doanhnhanvn.vn,200,https://doanhnhanvn.vn/
docsachvituonglai.vn,200,https://docsachvituonglai.vn/
doisongphapluat.com.vn,200,https://doisongphapluat.com.vn/
doisongvietnam.vn,200,https://doisongvietnam.vn/
dongnaitoplist.com,200,https://dongnaitoplist.com/
dongphucdaiphat.com,404,https://dongphucdaiphat.com/
dongthaptoplist.com,200,https://dongthaptoplist.com/
dotary.vn,ERR,"HTTPSConnectionPool(host='dotary.vn', port=443): Max retries exceeded with url: "
doxeshchuyennghiep.vn,200,https://doxeshchuyennghiep.vn/
dtec.edu.vn,200,https://www.dtec.edu.vn/
duchenangngoaitroi.net,ERR,"HTTPSConnectionPool(host='duchenangngoaitroi.net', port=443): Max retries exceed"
dulichbinhphuoc.vn,ERR,"HTTPSConnectionPool(host='dulichbinhphuoc.vn', port=443): Max retries exceeded w"
dulichhatinh.com.vn,200,https://dulichhatinh.com.vn/
dulichnhatban.net,200,https://dulichnhatban.net/
dulichsontra.com,200,https://dulichsontra.com/
duongbo.vn,ERR,"HTTPSConnectionPool(host='duongbo.vn', port=443): Max retries exceeded with url:"
duonggiahotel.vn,200,https://duonggiahotel.vn/
emagazinehub.com,200,https://emagazinehub.com/
emdep.vn,200,https://emdep.vn/
empiremovies.com,200,https://empiremovies.com/
enetviet.edu.vn,ERR,"HTTPSConnectionPool(host='enetviet.edu.vn', port=443): Max retries exceeded with"
entrepreneur.com,200,https://www.entrepreneur.com/
eva.vn,200,https://eva.vn/
everyvoicecenter.org,200,https://everyvoicecenter.org/
expresslaundry.com.vn,ERR,"HTTPSConnectionPool(host='expresslaundry.com.vn', port=443): Max retries exceede"
f0.phutho.vn,ERR,"HTTPSConnectionPool(host='f0.phutho.vn', port=443): Max retries exceeded with ur"
faceart.vn,ERR,"HTTPSConnectionPool(host='faceart.vn', port=443): Max retries exceeded with url:"
famemedia.vn,ERR,"HTTPSConnectionPool(host='famemedia.vn', port=443): Max retries exceeded with ur"
familyflower.vn,ERR,"HTTPSConnectionPool(host='familyflower.vn', port=443): Max retries exceeded with"
familyfruits.com.vn,ERR,"HTTPSConnectionPool(host='familyfruits.com.vn', port=443): Max retries exceeded "
fastenglish.edu.vn,ERR,"HTTPSConnectionPool(host='fastenglish.edu.vn', port=443): Max retries exceeded w"
fergusonaction.com,200,https://fergusonaction.com/
feri.org,200,https://www.feri24.com/
firedout.com,200,https://firedout.com/
fishyfacts4u.com,200,https://fishyfacts4u.com/
fixi.vn,ERR,"HTTPSConnectionPool(host='fixi.vn', port=443): Max retries exceeded with url: / "
fjn.vn,200,https://fjn.vn/
fkgoldstandard.com,ERR,"('Connection aborted.', RemoteDisconnected('Remote end closed connection without"
forbes.com,200,https://www.forbes.com/
forbesrumor.com,ERR,"HTTPSConnectionPool(host='forbesrumor.com', port=443): Max retries exceeded with"
formulasantander.com,200,https://www.formulasantander.com/
foxnewbrand.com,ERR,"HTTPSConnectionPool(host='foxnewbrand.com', port=443): Max retries exceeded with"
fpthcm.com.vn,200,https://www.fpthcm.com.vn/
freshersnews.co.in,200,https://freshersnews.co.in/
gachmenthanhtung.vn,200,https://gachmenthanhtung.vn/
gamek.vn,200,https://gamek.vn/
gart.vn,ERR,"HTTPSConnectionPool(host='gart.vn', port=443): Max retries exceeded with url: / "
gayleesinshop.vn,ERR,"HTTPSConnectionPool(host='gayleesinshop.vn', port=443): Max retries exceeded wit"
gayviet.vn,ERR,"HTTPSConnectionPool(host='gayviet.vn', port=443): Max retries exceeded with url:"
gearbest.net,200,https://gearbest.net/
gemstech.com.vn,ERR,"HTTPSConnectionPool(host='gemstech.com.vn', port=443): Max retries exceeded with"
general-imaging.com,200,https://general-imaging.com/
genk.vn,200,https://genk.vn/
gforgames.com,200,https://www.gforgames.com/
giadinh.suckhoedoisong.vn,200,https://giadinh.suckhoedoisong.vn/
giadinhmoi.vn,200,https://giadinhmoi.vn/
giadinhvaphapluat.vn,200,https://giadinhvaphapluat.vn/
giaidap.com.vn,ERR,"HTTPSConnectionPool(host='giaidap.com.vn', port=443): Max retries exceeded with "
giammomau.net.vn,ERR,"HTTPSConnectionPool(host='giammomau.net.vn', port=443): Max retries exceeded wit"
giaoducthoidai.vn,200,https://giaoducthoidai.vn/
giaoducthudo.giaoducthoidai.vn,200,https://giaoducthudo.giaoducthoidai.vn/
giaxemoto.com.vn,ERR,"HTTPSConnectionPool(host='giaxemoto.com.vn', port=443): Max retries exceeded wit"
gionghatvietnhi.com.vn,ERR,"HTTPSConnectionPool(host='gionghatvietnhi.com.vn', port=443): Max retries exceed"
giovangthethao.vn,ERR,"HTTPSConnectionPool(host='giovangthethao.vn', port=443): Max retries exceeded wi"
glutawhite.vn,ERR,"HTTPSConnectionPool(host='glutawhite.vn', port=443): Max retries exceeded with u"
goldencentercity.vn,ERR,"HTTPSConnectionPool(host='goldencentercity.vn', port=443): Max retries exceeded "
golfviet.vn,200,https://golfviet.vn/
golist.vn,ERR,"HTTPSConnectionPool(host='golist.vn', port=443): Max retries exceeded with url: "
golook.vn,200,https://golook.vn/
grande.edu.vn,ERR,"HTTPSConnectionPool(host='grande.edu.vn', port=443): Max retries exceeded with u"
greenbusinessonly.com,200,https://greenbusinessonly.com/
greenedu.vn,ERR,"HTTPSConnectionPool(host='greenedu.vn', port=443): Max retries exceeded with url"
guu.vn,ERR,"HTTPSConnectionPool(host='guu.vn', port=443): Max retries exceeded with url: / ("
hachikopetshop.vn,ERR,"HTTPSConnectionPool(host='hachikopetshop.vn', port=443): Max retries exceeded wi"
haiduongtoplist.com,200,https://haiduongtoplist.com/
haiphongtoplist.com,200,https://haiphongtoplist.com/
handymandecor.com,200,https://handymandecor.com/
hanghoathuonghieu.vn,200,https://hanghoathuonghieu.vn/
hanhcafe.vn,ERR,"HTTPSConnectionPool(host='hanhcafe.vn', port=443): Max retries exceeded with url"
hanoi.inhat.vn,200,https://hanoi.inhat.vn/
hanoimoi.vn,200,https://hanoimoi.vn/
hanoiparagon.vn,ERR,"HTTPSConnectionPool(host='hanoiparagon.vn', port=443): Max retries exceeded with"
hanoireview.vn,200,https://hanoireview.vn/
hanoitimes.vn,ERR,"HTTPSConnectionPool(host='hanoitimes.vn', port=443): Max retries exceeded with u"
hanoitoplist.com,200,https://www.hanoitoplist.com/
hapodecor.vn,ERR,"HTTPSConnectionPool(host='hapodecor.vn', port=443): Max retries exceeded with ur"
haquangtv.vn,ERR,"HTTPSConnectionPool(host='haquangtv.vn', port=443): Max retries exceeded with ur"
hatinhtoplist.com,200,https://hatinhtoplist.com/
hauthien.com,200,https://hauthien.com/
hcm.inhat.vn,200,https://hcm.inhat.vn/
hcmtoplist.com,200,https://www.hcmtoplist.com/
hconnect.vn,ERR,"HTTPSConnectionPool(host='hconnect.vn', port=443): Max retries exceeded with url"
hdgoffice.vn,ERR,"HTTPSConnectionPool(host='hdgoffice.vn', port=443): Max retries exceeded with ur"
hellodanang.vn,200,https://hellodanang.vn/
hiephoixedien.com,200,https://hiephoixedien.com/
hieugoogle.vn,ERR,"HTTPSConnectionPool(host='hieugoogle.vn', port=443): Max retries exceeded with u"
hilaw.vn,200,https://hilaw.vn/
himlamresort.vn,ERR,"HTTPSConnectionPool(host='himlamresort.vn', port=443): Max retries exceeded with"
hiroasiankitchen.com,200,https://hiroasiankitchen.com/
hnsland.vn,200,https://guestpost.vn/
hoadanang.com.vn,ERR,"HTTPSConnectionPool(host='hoadanang.com.vn', port=443): Max retries exceeded wit"
hoala.vn,200,https://www.hoala.vn/
hoangtrieu.vn,ERR,"HTTPSConnectionPool(host='hoangtrieu.vn', port=443): Max retries exceeded with u"
hoangvietauto.vn,ERR,"HTTPSConnectionPool(host='hoangvietauto.vn', port=443): Max retries exceeded wit"
hoaquaxanh.vn,ERR,"HTTPSConnectionPool(host='hoaquaxanh.vn', port=443): Max retries exceeded with u"
hoatrangnguyen.com.vn,ERR,"HTTPSConnectionPool(host='hoatrangnguyen.com.vn', port=443): Max retries exceede"
hocgiday.vn,200,https://hocgiday.vn/
hocvientoc.net,ERR,"HTTPSConnectionPool(host='hocvientoc.net', port=443): Max retries exceeded with "
hoinhap.vanhoavaphattrien.vn,200,https://hoinhap.vanhoavaphattrien.vn/
hoiquanfreefire.com,ERR,"HTTPSConnectionPool(host='hoiquanfreefire.com', port=443): Max retries exceeded "
hoivietnamduc.vn,ERR,"HTTPSConnectionPool(host='hoivietnamduc.vn', port=443): Max retries exceeded wit"
home.vn,200,https://home.vn/
homeproshop.vn,ERR,"HTTPSConnectionPool(host='homeproshop.vn', port=443): Max retries exceeded with "
honghala.com,404,https://honghala.com/
hongngu3.edu.vn,ERR,"HTTPSConnectionPool(host='hongngu3.edu.vn', port=443): Max retries exceeded with"
hotelnikkohanoi.com.vn,200,https://hotelnikkohanoi.com.vn/
howtosucceedbroadway.com,200,https://www.howtosucceedbroadway.com/
hsdvn.com.vn,200,https://hsdvn.com.vn/
hse.org.vn,200,https://www.hse.org.vn/
huengaynay.vn,200,https://huengaynay.vn/
huetoplist.vn,200,https://huetoplist.vn/
hungyentoplist.com,200,https://hungyentoplist.com/
huongnghiep.com.vn,200,https://huongnghiep.com.vn/
huyendoannongson.vn,ERR,"HTTPSConnectionPool(host='huyendoannongson.vn', port=443): Max retries exceeded "
hytcc.org.vn,ERR,"HTTPSConnectionPool(host='hytcc.org.vn', port=443): Max retries exceeded with ur"
icccftu.vn,200,https://guestpost.vn/
icydk.com,200,https://icydk.com/
ilawjournals.com,200,https://www.ilawjournals.com/
inail.vn,ERR,"HTTPSConnectionPool(host='inail.vn', port=443): Max retries exceeded with url: /"
indeedken.com,200,https://indeedken.com/
inhat.vn,200,https://inhat.vn/
inmienbac.com.vn,ERR,"HTTPSConnectionPool(host='inmienbac.com.vn', port=443): Read timed out. (read ti"
inoxsaophuongnam.com,200,https://inoxsaophuongnam.com/
internetcapquang.net,ERR,"HTTPSConnectionPool(host='internetcapquang.net', port=443): Max retries exceeded"
iqeye.com,200,https://iqeye.com/
ironman.vn,ERR,"HTTPSConnectionPool(host='ironman.vn', port=443): Max retries exceeded with url:"
itoplist.vn,200,https://itoplist.vn/
ixprl.com,200,https://www.hugedomains.com/domain_profile.cfm?d=ixprl.com
jaxtr.com,200,https://www.jaxtr.com/
jimmeyerracing.com,200,https://www.jimmeyerracing.com/
justicesnows.com,200,https://justicesnows.com/
kaina.vn,ERR,"HTTPSConnectionPool(host='kaina.vn', port=443): Max retries exceeded with url: /"
kame.vn,200,https://sky-office.co/
kamiidphoto.vn,200,https://guestpost.vn/
karaoke.info.vn,ERR,"HTTPSConnectionPool(host='karaoke.info.vn', port=443): Max retries exceeded with"
kenh14.vn,200,https://kenh14.vn/
kenhtuyensinh.vn,200,https://kenhtuyensinh.vn/
kenkoshop.vn,ERR,"HTTPSConnectionPool(host='kenkoshop.vn', port=443): Max retries exceeded with ur"
kevinlebeautygroup.com,200,https://kevinlebeautygroup.com/
khafa.org.vn,ERR,"HTTPSConnectionPool(host='khafa.org.vn', port=443): Max retries exceeded with ur"
khoahoccuocsong.com,200,https://khoahoccuocsong.com/
khoahocvacuocsong.vn,ERR,"HTTPSConnectionPool(host='khoahocvacuocsong.vn', port=443): Max retries exceeded"
khoancatbetonggiare.vn,200,https://khoancatbetonggiare.vn/
khomaucnc.com.vn,200,https://khomaucnc.com.vn/
khudothivinhomes.com.vn,ERR,"HTTPSConnectionPool(host='khudothivinhomes.com.vn', port=443): Max retries excee"
khuvuichoitreem.com.vn,200,https://khuvuichoitreem.com.vn/
kichcaudulichtphcm.vn,200,https://kichcaudulichtphcm.vn/
kiddo.vn,ERR,"HTTPSConnectionPool(host='kiddo.vn', port=443): Max retries exceeded with url: /"
kiemlamthuathienhue.org.vn,ERR,"HTTPSConnectionPool(host='kiemlamthuathienhue.org.vn', port=443): Max retries ex"
kientrucmaigia.vn,200,https://kientrucmaigia.vn/
kilu.vn,ERR,"HTTPSConnectionPool(host='kilu.vn', port=443): Max retries exceeded with url: / "
kimbien.com.vn,200,https://kimbien.com.vn/
kinhtemoitruong.vn,200,https://kinhtemoitruong.vn/
kinhtethoidai.net,200,https://kinhtethoidai.net/
kinhtevadautu.vn,200,https://kinhtevadautu.vn/
kreweduoptic.com,200,https://kreweduoptic.com/
kuttywebnews.com,200,https://kuttywebnews.com/
kyty.vn,ERR,"HTTPSConnectionPool(host='kyty.vn', port=443): Max retries exceeded with url: / "
ladipage.com.vn,200,https://ladipage.com.vn/
ladygeek.com,200,https://ladygeek.com/
lamchame.vn,ERR,"HTTPSConnectionPool(host='lamchame.vn', port=443): Max retries exceeded with url"
lamdongtoplist.com,200,https://www.lamdongtoplist.com/
lamhochieu.net,200,https://lamhochieu.net/
lananhdalathotel.vn,ERR,"HTTPSConnectionPool(host='lananhdalathotel.vn', port=443): Max retries exceeded "
laodong.vn,200,https://laodong.vn/
latestnews2u.com,200,https://latestnews2u.com/
leetureview.com,200,https://leetureview.com/
leminhhoang.vn,ERR,"HTTPSConnectionPool(host='leminhhoang.vn', port=443): Max retries exceeded with "
lifehacktimes.com,200,https://lifehacktimes.com/
lifescience1.com,200,https://lifescience1.com/
likesuccess.com,200,https://likesuccess.com/
likevape.vn,ERR,"HTTPSConnectionPool(host='likevape.vn', port=443): Max retries exceeded with url"
linhkienhanoi.com,ERR,"HTTPSConnectionPool(host='linhkienhanoi.com', port=443): Read timed out. (read t"
lmhoptacxatthue.com.vn,ERR,"HTTPSConnectionPool(host='lmhoptacxatthue.com.vn', port=443): Max retries exceed"
logicaldaily.com,200,https://logicaldaily.net/
loke.vn,ERR,"HTTPSConnectionPool(host='loke.vn', port=443): Max retries exceeded with url: / "
longthanhcentralpoint.vn,200,https://longthanhcentralpoint.vn/
luatdainam.vn,ERR,"HTTPSConnectionPool(host='luatdainam.vn', port=443): Max retries exceeded with u"
luatthanhthai.vn,200,https://luatthanhthai.vn/
luxrender.net,200,https://www.luxrender.net/
luxtoy.vn,ERR,"HTTPSConnectionPool(host='luxtoy.vn', port=443): Max retries exceeded with url: "
machovibes.com,200,https://www.machovibes.com/
magiamgia247.vn,ERR,"HTTPSConnectionPool(host='magiamgia247.vn', port=443): Max retries exceeded with"
maiacademy.vn,ERR,"HTTPSConnectionPool(host='maiacademy.vn', port=443): Max retries exceeded with u"
maiche.vn,200,https://maiche.vn/
mallumv.info,ERR,"HTTPSConnectionPool(host='mallumv.info', port=443): Max retries exceeded with ur"
mamcungviet.com.vn,200,https://mamcungviet.com.vn/
mamnonabc.vn,ERR,"HTTPSConnectionPool(host='mamnonabc.vn', port=443): Max retries exceeded with ur"
manayi.vn,ERR,"HTTPSConnectionPool(host='manayi.vn', port=443): Max retries exceeded with url: "
manta.edu.vn,ERR,"HTTPSConnectionPool(host='manta.edu.vn', port=443): Max retries exceeded with ur"
mantavya.com,200,https://mantavya.com/
marina-club.com.vn,200,https://marina-club.com.vn/
marketbusiness.info,200,https://marketbusiness.info/
marketingbusinessplans.com,200,https://marketingbusinessplans.com/
marketsharegroup.com,200,https://marketsharegroup.com/
marketwatch.com,401,https://www.marketwatch.com/
marry.vn,200,https://www.marry.vn/
matbachhoa.vn,ERR,"HTTPSConnectionPool(host='matbachhoa.vn', port=443): Max retries exceeded with u"
mcstore.vn,ERR,"HTTPSConnectionPool(host='mcstore.vn', port=443): Max retries exceeded with url:"
megaacademy.edu.vn,200,https://megaacademy.edu.vn/
megafun.vn,200,https://megafun.vn/
megaincomestream.com,200,https://megaincomestream.com/
memedaily.vn,ERR,"HTTPSConnectionPool(host='memedaily.vn', port=443): Max retries exceeded with ur"
mende.vn,ERR,"HTTPSConnectionPool(host='mende.vn', port=443): Max retries exceeded with url: /"
mercedess-benz.com.vn,ERR,"HTTPSConnectionPool(host='mercedess-benz.com.vn', port=443): Max retries exceede"
minhchautattoo.vn,ERR,"HTTPSConnectionPool(host='minhchautattoo.vn', port=443): Max retries exceeded wi"
mitsubishi-isamco.com.vn,200,https://mitsubishi-isamco.com.vn/
mitsubishi-longbien.com.vn,ERR,"HTTPSConnectionPool(host='mitsubishi-longbien.com.vn', port=443): Max retries ex"
mitsuphuongnguyen.vn,200,https://mitsuphuongnguyen.vn/
mmagym.vn,ERR,"HTTPSConnectionPool(host='mmagym.vn', port=443): Max retries exceeded with url: "
mof.com.vn,ERR,"HTTPSConnectionPool(host='mof.com.vn', port=443): Max retries exceeded with url:"
monngondongian.com,ERR,"HTTPSConnectionPool(host='monngondongian.com', port=443): Max retries exceeded w"
motorstore.vn,200,https://motorstore.vn/
moviesverse.la,ERR,"HTTPSConnectionPool(host='moviesverse.la', port=443): Max retries exceeded with "
mp3newswire.net,200,https://www.mp3newswire.net/
mrfix.com.vn,200,https://mrfix.com.vn/
mrsun.vn,ERR,"HTTPSConnectionPool(host='mrsun.vn', port=443): Max retries exceeded with url: /"
msn.com,200,https://www.msn.com/vi-vn
mtcup.com.vn,ERR,"HTTPSConnectionPool(host='mtcup.com.vn', port=443): Max retries exceeded with ur"
muaphelieusg.com,200,https://muaphelieusg.com/
muinetourism.vn,ERR,"HTTPSConnectionPool(host='muinetourism.vn', port=443): Max retries exceeded with"
musicraiser.com,200,https://www.musicraiser.net/
my7up.vn,ERR,"HTTPSConnectionPool(host='my7up.vn', port=443): Max retries exceeded with url: /"
mymyshoes.vn,ERR,"HTTPSConnectionPool(host='mymyshoes.vn', port=443): Max retries exceeded with ur"
naction.in,200,https://naction.in/
namhocsg.com,200,https://namhocsg.com/
namiso.vn,ERR,"HTTPSConnectionPool(host='namiso.vn', port=443): Max retries exceeded with url: "
nano-ceramic.vn,200,https://nano-ceramic.vn/
netup.vn,200,https://www.netup.vn/
news.yahoo.com,200,https://www.yahoo.com/news/
newsninjapro.com,200,https://newsninjapro.com/
newsrivals.com,200,https://newsrivals.com/
ngheantoplist.net,200,https://ngheantoplist.net/
nghienlamdep.vn,ERR,"HTTPSConnectionPool(host='nghienlamdep.vn', port=443): Max retries exceeded with"
nghienpickleball.com,ERR,"HTTPSConnectionPool(host='nghienpickleball.com', port=443): Max retries exceeded"
ngoisao.net,200,https://ngoisao.vnexpress.net/
ngoisao.vn,200,https://ngoisao.vn/
ngoisao.vnexpress.net,200,https://ngoisao.vnexpress.net/
nguoidothi.net.vn,200,https://nguoidothi.net.vn/
nguoiduatin.vn,200,https://www.nguoiduatin.vn/
nguoihanoi.vn,200,https://nguoihanoi.vn/
nguoiquansat.vn,200,https://nguoiquansat.vn/
nguyenhien.edu.vn,ERR,"HTTPSConnectionPool(host='nguyenhien.edu.vn', port=443): Max retries exceeded wi"
nhahangbachkim.com,ERR,"HTTPSConnectionPool(host='nhahangbachkim.com', port=443): Max retries exceeded w"
nhahangbachkim.com.vn,200,https://nhahangbachkim.com.vn/
nhahangganday.vn,ERR,"HTTPSConnectionPool(host='nhahangganday.vn', port=443): Max retries exceeded wit"
nhahangminhkhue.com,ERR,"HTTPSConnectionPool(host='nhahangminhkhue.com', port=443): Max retries exceeded "
nhahangphuongnam.vn,ERR,"HTTPSConnectionPool(host='nhahangphuongnam.vn', port=443): Max retries exceeded "
nhakhoadongnama.vn,200,https://nhakhoadongnama.vn/
nhalocphat.vn,200,https://nhalocphat.vn/
nhandan.vn,200,https://nhandan.vn/
nhanghiganday.vn,200,https://nhanghiganday.vn/
nhathuoctaman.net,200,https://nhathuoctaman.net/
nhipcaudautu.vn,200,https://nhipcaudautu.vn/
nhipsongdothi.vn,200,https://nhipsongdothi.vn/
niengrangthammy.com.vn,ERR,"HTTPSConnectionPool(host='niengrangthammy.com.vn', port=443): Max retries exceed"
ninhbinhtoplist.com,200,https://ninhbinhtoplist.com/
ninhquynhcarvip.vn,ERR,"HTTPSConnectionPool(host='ninhquynhcarvip.vn', port=443): Max retries exceeded w"
nld.com.vn Người lao động,ERR,Failed to parse: https://nld.com.vn Người lao động
nongthonvaphattrien.vn,200,https://nongthonvaphattrien.vn/
nytimes.com,200,https://www.nytimes.com/
officeforrent.com.vn,200,https://officeforrent.com.vn/
ohay.vn,200,https://ohay.vn/
onehubsaigon.com.vn,ERR,"HTTPSConnectionPool(host='onehubsaigon.com.vn', port=443): Max retries exceeded "
onesteak.vn,ERR,"HTTPSConnectionPool(host='onesteak.vn', port=443): Max retries exceeded with url"
onggiacali.vn,200,https://onggiacali.vn/
onghutcobang.vn,ERR,"HTTPSConnectionPool(host='onghutcobang.vn', port=443): Max retries exceeded with"
opal-cityview.vn,ERR,"HTTPSConnectionPool(host='opal-cityview.vn', port=443): Max retries exceeded wit"
oppostyle.vn,ERR,"HTTPSConnectionPool(host='oppostyle.vn', port=443): Max retries exceeded with ur"
otothongphat.vn,ERR,"HTTPSConnectionPool(host='otothongphat.vn', port=443): Max retries exceeded with"
overlookpress.com,ERR,"HTTPSConnectionPool(host='overlookpress.com', port=443): Max retries exceeded wi"
parami.vn,ERR,"HTTPSConnectionPool(host='parami.vn', port=443): Max retries exceeded with url: "
parkcityhanoi.vn,200,https://guestpost.vn/
parkriversides.vn,ERR,"HTTPSConnectionPool(host='parkriversides.vn', port=443): Max retries exceeded wi"
pensacolavoice.com,521,https://pensacolavoice.com/
peonyhome.com.vn,200,https://peonyhome.com.vn/
petrotimes.vn,200,https://petrotimes.vn/
peugeot-binhduong.vn,ERR,"HTTPSConnectionPool(host='peugeot-binhduong.vn', port=443): Max retries exceeded"
pgdtpnamdinh.edu.vn,ERR,"HTTPSConnectionPool(host='pgdtpnamdinh.edu.vn', port=443): Max retries exceeded "
phapluat.suckhoedoisong.vn,200,https://phapluat.suckhoedoisong.vn/
phapluatmoitruong.vn,ERR,"HTTPSConnectionPool(host='phapluatmoitruong.vn', port=443): Max retries exceeded"
phapluatnet.vn,ERR,"HTTPSConnectionPool(host='phapluatnet.vn', port=443): Max retries exceeded with "
phapluatvacuocsong.vn,200,https://phapluatvacuocsong.vn/
phapluatxahoi.vn,ERR,"HTTPSConnectionPool(host='phapluatxahoi.kinhtedothi.vn', port=443): Max retries "
phongthuytaitam.vn,ERR,"HTTPSConnectionPool(host='phongthuytaitam.vn', port=443): Max retries exceeded w"
phongvuarc.com,200,https://phongvuarc.com/
phukhoaanviet.com,ERR,"HTTPSConnectionPool(host='phukhoaanviet.com', port=443): Max retries exceeded wi"
phunuhiendai.vn,200,https://phunuhiendai.vn/
phunumoi.net,ERR,"HTTPSConnectionPool(host='phunumoi.net', port=443): Max retries exceeded with ur"
phunumoi.net.vn,200,https://phunumoi.net.vn/
phunusuckhoe.giadinhonline.vn,200,https://phunusuckhoe.giadinhonline.vn/
phunutoday.vn,200,https://phunutoday.vn/
phunuvagiadinh.vn,200,https://www.phunuvagiadinh.vn/
phunuvietnam.vn,200,https://phunuvietnam.vn/
phuot247.vn,200,https://phuot247.vn/
phuthotoplist.com,200,https://phuthotoplist.com/
pilotco3.com.vn,ERR,"HTTPSConnectionPool(host='pilotco3.com.vn', port=443): Max retries exceeded with"
pinxedapdien.com.vn,ERR,"HTTPSConnectionPool(host='pinxedapdien.com.vn', port=443): Max retries exceeded "
plo.vn,200,https://tuoitre.vn/plo.htm
pmcaonline.org,200,https://pmcaonline.org/
popularwrite.com,ERR,"HTTPSConnectionPool(host='popularwrite.com', port=443): Max retries exceeded wit"
powersteam.vn,200,https://powersteam.vn/
primaart.vn,ERR,"HTTPSConnectionPool(host='primaart.vn', port=443): Max retries exceeded with url"
proreviewbuzz.com,200,https://proreviewbuzz.com/
pud.edu.vn,ERR,"HTTPSConnectionPool(host='pud.edu.vn', port=443): Max retries exceeded with url:"
pvhttnt.vn,ERR,"HTTPSConnectionPool(host='pvhttnt.vn', port=443): Max retries exceeded with url:"
qta.org.vn,200,https://qta.org.vn/
qtc.vn,200,https://qtc.vn/
quangbinhtoplist.com,200,https://quangbinhtoplist.com/
quangnamtoplist.com,200,https://quangnamtoplist.com/
quangninhcogi.vn,200,https://quangninhcogi.vn/
quangninhtoplist.com,200,https://quangninhtoplist.com/
quannetganday.com,ERR,"HTTPSConnectionPool(host='quannetganday.com', port=443): Max retries exceeded wi"
questekvietnam.vn,ERR,"HTTPSConnectionPool(host='questekvietnam.vn', port=443): Max retries exceeded wi"
quynhonreview.vn,200,https://quynhonreview.vn/
reatimes.vn,200,https://reatimes.vn/
recerd.org.vn,200,https://recerd.org.vn/
remnhuanganlanh.vn,200,https://remnhuanganlanh.vn/
reportsherald.com,200,https://reportsherald.com/
richannel.org,200,https://richannel.org/
royalbuffet.vn,200,https://guestpost.vn/
royaltea.com.vn,ERR,"HTTPSConnectionPool(host='royaltea.com.vn', port=443): Max retries exceeded with"
sabudo.vn,200,https://sabudo.vn/
sacdep.net.vn,ERR,"HTTPSConnectionPool(host='sacdep.net.vn', port=443): Max retries exceeded with u"
sachvui.com.vn,ERR,"HTTPSConnectionPool(host='sachvui.com.vn', port=443): Max retries exceeded with "
sacojet.vn,ERR,"HTTPSConnectionPool(host='sacojet.vn', port=443): Max retries exceeded with url:"
saigonbanme.vn,ERR,"HTTPSConnectionPool(host='saigonbanme.vn', port=443): Max retries exceeded with "
saigonreview.vn,200,https://saigonreview.vn/
sanbongchaolua.com,200,https://guestpost.vn/
sanbongdahca.com,200,https://guestpost.vn/
sanbongdamhong2.com,200,https://guestpost.vn/
sanbonglathanh.com,200,https://guestpost.vn/
sankhaukichquocthao.vn,ERR,"HTTPSConnectionPool(host='sankhaukichquocthao.vn', port=443): Max retries exceed"
sanvatphuongnam.vn,200,https://sanvatphuongnam.vn/
sanvinest.vn,ERR,"HTTPSConnectionPool(host='sanvinest.vn', port=443): Max retries exceeded with ur"
saostar.vn,200,https://www.saostar.vn/
scholarlyoa.com,200,https://scholarlyo.com/
seoulecohome.com.vn,ERR,"HTTPSConnectionPool(host='seoulecohome.com.vn', port=443): Max retries exceeded "
serenavalleythanhlanh.vn,ERR,"HTTPSConnectionPool(host='serenavalleythanhlanh.vn', port=443): Max retries exce"
sewow.vn,ERR,"HTTPSConnectionPool(host='sewow.vn', port=443): Max retries exceeded with url: /"
shopcenaff.vn,ERR,"HTTPSConnectionPool(host='shopcenaff.vn', port=443): Max retries exceeded with u"
shopchinhthuc.vn,ERR,"HTTPSConnectionPool(host='shopchinhthuc.vn', port=443): Max retries exceeded wit"
shophagamingff.com,ERR,"HTTPSConnectionPool(host='shophagamingff.com', port=443): Max retries exceeded w"
shoplove.vn,ERR,"HTTPSConnectionPool(host='shoplove.vn', port=443): Max retries exceeded with url"
sigmabooks.vn,ERR,"HTTPSConnectionPool(host='sigmabooks.vn', port=443): Max retries exceeded with u"
skinary.vn,ERR,"HTTPSConnectionPool(host='skinary.vn', port=443): Max retries exceeded with url:"
slidez.vn,ERR,"HTTPSConnectionPool(host='slidez.vn', port=443): Max retries exceeded with url: "
smokinjoesribranch.com,200,https://www.smokinjoesribranch.com/
soha.vn,200,https://soha.vn/
sohuutritue.net.vn,200,https://sohuutritue.net.vn/
songdep.com.vn,200,https://songdep.com.vn/
songsachfood.com,200,https://songsachfood.com/
sotaykhoedep.vn,ERR,"HTTPSConnectionPool(host='sotaykhoedep.vn', port=443): Max retries exceeded with"
soundhealthdoctor.com,ERR,"HTTPSConnectionPool(host='soundhealthdoctor.com', port=443): Read timed out. (re"
spahub.vn,ERR,"HTTPSConnectionPool(host='spahub.vn', port=443): Max retries exceeded with url: "
specstalk.com,500,https://specstalk.com/
streetinsider.com,403,https://streetinsider.com/
suadiennuoctainha.com.vn,200,https://suadiennuoctainha.com.vn/
suadogotainha.com.vn,200,https://suadogotainha.com.vn/
suavalitainha.com,ERR,"HTTPSConnectionPool(host='suavalitainha.com', port=443): Read timed out. (read t"
suaxedapdientainha.net,ERR,"HTTPSConnectionPool(host='suaxedapdientainha.net', port=443): Max retries exceed"
suaxedung.com,200,https://suaxedung.com/
suaxeluudong.vn,200,https://suaxeluudong.vn/
suaxemay24h.com,200,https://suaxemay24h.com/
suaxemaytainha.com,200,https://suaxemaytainha.com/
suckhoecongdongonline.vn,200,https://suckhoecongdongonline.vn/
suckhoedoisong.vn,200,https://suckhoedoisong.vn/
suckhoegiadinhvietnam.com,200,https://suckhoegiadinhvietnam.com/
suckhoephapluat.nguoiduatin.vn,200,https://suckhoephapluat.nguoiduatin.vn/
suckhoevacongdong.vn,200,http://www.suckhoevacongdong.vn
suckhoeviet.org.vn,200,https://suckhoeviet.org.vn/
suoiluong.com.vn,200,https://suoiluong.com.vn/
suoinguontinhthuong.vn,ERR,"HTTPSConnectionPool(host='suoinguontinhthuong.vn', port=443): Max retries exceed"
susuhero.vn,ERR,"HTTPSConnectionPool(host='susuhero.vn', port=443): Max retries exceeded with url"
tainguyenvamoitruong.com.vn,200,https://tainguyenvamoitruong.com.vn/
tamnhinrong.org,ERR,"HTTPSConnectionPool(host='tamnhinrong.org', port=443): Max retries exceeded with"
tapchikientruc.com.vn,200,https://www.tapchikientruc.com.vn/
tapchinghiencuuphathoc.vn,200,https://tapchinghiencuuphathoc.vn/
tapchitoaan.vn,200,https://tapchitoaan.vn/
tapchivietduc.vn,200,https://tapchivietduc.vn/
tapchixaydung.vn,200,https://tapchixaydung.vn/
tarzanspa.com.vn,ERR,"HTTPSConnectionPool(host='tarzanspa.com.vn', port=443): Max retries exceeded wit"
tatwood.vn,ERR,"HTTPSConnectionPool(host='tatwood.vn', port=443): Max retries exceeded with url:"
taxibinhan.vn,200,https://taxibinhan.vn/
taxitayninh.com.vn,ERR,"HTTPSConnectionPool(host='taxitayninh.com.vn', port=443): Max retries exceeded w"
taybaclaw.edu.vn,200,https://www.taybaclaw.edu.vn/
tcnhadep.com,200,https://tcnhadep.com/
techlogus.com,200,https://techlogus.com/
technologyguiders.com,200,https://technologyguiders.com/
techrum.vn,200,https://techrum.vn/
techsfeed.com,200,https://techsfeed.com/
techz.vn,200,https://www.techz.vn/
thaibinhtoplist.com,200,https://www.thaibinhtoplist.com/
thalongbinh.edu.vn,ERR,"HTTPSConnectionPool(host='thalongbinh.edu.vn', port=443): Max retries exceeded w"
thamtutamviet.vn,ERR,"HTTPSConnectionPool(host='thamtutamviet.vn', port=443): Max retries exceeded wit"
thangcanh.vn,ERR,"HTTPSConnectionPool(host='thangcanh.vn', port=443): Max retries exceeded with ur"
thanhhamuongthanh.vn,ERR,"HTTPSConnectionPool(host='thanhhamuongthanh.vn', port=443): Max retries exceeded"
thanhhoatoplist.com,200,https://thanhhoatoplist.com/
thanhnien.vn,200,https://thanhnien.vn/
thanhnienviet.vn,200,https://thanhnienviet.vn/
thanhpho.danang.vn,200,https://thanhpho.danang.vn/
thanhyenland.vn,ERR,"HTTPSConnectionPool(host='thanhyenland.vn', port=443): Max retries exceeded with"
thebestbuyguide.com,200,https://thebestbuyguide.com/
thegioimatkinh.com.vn,200,https://thegioimatkinh.com.vn/
theisozone.com,200,https://theisozone.com/
thesaigontimes.vn,200,https://tuoitre.vn/tto-saigontimes.htm
thethao247.vn,200,https://thethao247.vn/
thethaophunhuan.com.vn,ERR,"HTTPSConnectionPool(host='thethaophunhuan.com.vn', port=443): Max retries exceed"
thethaophutho.vn,ERR,"HTTPSConnectionPool(host='thethaophutho.vn', port=443): Max retries exceeded wit"
thethaovanhoa.vn,200,https://thethaovanhoa.vn/
thethaovietnam.vn,200,https://thethaovietnam.vn/
thevideoink.com,200,https://thevideoink.com/
thewashingtonnote.com,200,https://thewashingtonote.com/
thezenuniverse.org,200,https://thezenuniverse.org/
thietkemyb.com.vn,ERR,"HTTPSConnectionPool(host='thietkemyb.com.vn', port=443): Max retries exceeded wi"
thieunien.vn,200,https://thieunien.vn/
thitruong.nld.com.vn,200,https://thitruong.nld.com.vn/nld-thi-truong.htm
thitruongbiz.vn,200,https://thitruongbiz.vn/
thitruongngaynay.vn,200,https://thitruongngaynay.vn/
thketdoan.edu.vn,ERR,"HTTPSConnectionPool(host='thketdoan.edu.vn', port=443): Max retries exceeded wit"
thodiadongthap.vn,ERR,"HTTPSConnectionPool(host='thodiadongthap.vn', port=443): Max retries exceeded wi"
thoiviet.com.vn,ERR,"HTTPSConnectionPool(host='thoiviet.com.vn', port=443): Max retries exceeded with"
thoxay.com.vn,ERR,"HTTPSConnectionPool(host='thoxay.com.vn', port=443): Max retries exceeded with u"
thuanphat.edu.vn,200,https://thuanphat.edu.vn/
thuantiengialai.com.vn,ERR,"HTTPSConnectionPool(host='thuantiengialai.com.vn', port=443): Max retries exceed"
thucanh.vn,200,https://thucanh.vn/
thuexemay.com.vn,200,https://thuexemay.com.vn/
thuoc365.com.vn,ERR,"HTTPSConnectionPool(host='thuoc365.com.vn', port=443): Max retries exceeded with"
thuonghieucongluan.com.vn,200,https://thuonghieucongluan.com.vn/
thuonghieuphattrien.com,200,https://thuonghieuphattrien.com/
thuonghieuvaphapluat.vn,200,https://thuonghieuvaphapluat.vn/
thuongmaihanoi.edu.vn,ERR,"HTTPSConnectionPool(host='thuongmaihanoi.edu.vn', port=443): Max retries exceede"
thutucxuatnhapkhau.net,200,https://thutucxuatnhapkhau.net/
thuviendohoa.vn,200,https://thuviendohoa.vn/
tiengiangtoplist.vn,200,https://tiengiangtoplist.vn/
tienphatjsc.vn,200,https://tienphatjsc.vn/
tienphong.vn,200,https://tienphong.vn/
tieudung.vn,200,https://tieudung.vn/
tieudungtiepthi.vn,500,https://tieudungtiepthi.vn/
tiin.vn,200,https://tiin.vn/
timbatdongsan.vn,200,https://timbatdongsan.vn/
tinhocduykhang.com,200,https://tinhocduykhang.com/
tinhte.vn,200,https://tinhte.vn/
tinthethao.com.vn,200,https://yeuthethao.net.vn/
toclayer.net,ERR,"HTTPSConnectionPool(host='toclayer.net', port=443): Max retries exceeded with ur"
tocotocotanan.com,200,https://tocotocotanan.com/
toluavietnam.net,ERR,"HTTPSConnectionPool(host='toluavietnam.net', port=443): Max retries exceeded wit"
tonlaysangsata.com.vn,ERR,"HTTPSConnectionPool(host='tonlaysangsata.com.vn', port=443): Read timed out. (re"
top10binhduong.com.vn,200,https://top10binhduong.com.vn/
top10binhphuoc.vn,200,https://top10binhphuoc.vn/
top10binhthuan.vn,200,https://top10binhthuan.vn/
top10camau.vn,200,https://top10camau.vn/
top10danang.com,200,https://top10danang.com/
top10quangnam.vn,200,https://top10quangnam.vn/
top10quangngai.vn,200,https://top10quangngai.vn/
top10riviu.com,200,https://top10riviu.com/
topaz.vn,200,https://topaz.vn/
topbinhduong.com,200,https://topbinhduong.com/
topblognews.com,200,https://topblognews.com/
topcomvespa.vn,ERR,"HTTPSConnectionPool(host='topcomvespa.vn', port=443): Max retries exceeded with "
topdongnai.com,200,https://topdongnai.com/
tophaiphong.com,200,https://tophaiphong.com/
toplistcantho.com,200,https://toplistcantho.com/
toplistdanang.com,200,https://toplistdanang.com/
toplisthanoi.com,200,https://toplisthanoi.com/
toplistsaigon.com,200,https://toplistsaigon.com/
toplistviet.org,200,https://toplistviet.org/
topone.edu.vn,200,https://topone.edu.vn/
toptonghop.com,200,https://toptonghop.com/
tradadi.vn,ERR,"HTTPSConnectionPool(host='tradadi.vn', port=443): Max retries exceeded with url:"
tramhuongangiabao.com.vn,ERR,"HTTPSConnectionPool(host='tramhuongangiabao.com.vn', port=443): Max retries exce"
trangphucchothue.vn,200,https://trangphucchothue.vn/
trangtrinoel.vn,ERR,"HTTPSConnectionPool(host='trangtrinoel.vn', port=443): Max retries exceeded with"
travelist.vn,200,https://travelist.vn/
trinhsongphuc.com,ERR,"HTTPSConnectionPool(host='trinhsongphuc.com', port=443): Max retries exceeded wi"
trinhvantuyen.com,ERR,"HTTPSConnectionPool(host='trinhvantuyen.com', port=443): Max retries exceeded wi"
truckslane.com,200,https://truckslane.com/
truckszilla.com,200,https://truckszilla.com/
trungtamtdtthanoi.com.vn,ERR,"HTTPSConnectionPool(host='trungtamtdtthanoi.com.vn', port=443): Max retries exce"
trungtamytedian.com,200,https://trungtamytedian.com/
trungtamytengabay.vn,ERR,"HTTPSConnectionPool(host='trungtamytengabay.vn', port=443): Max retries exceeded"
truyenhinhnghean.vn,200,https://truyenhinhnghean.vn/
truyenhinhnghean.vn (BÁO MỚI VỀ),ERR,Failed to parse: https://truyenhinhnghean.vn (BÁO MỚI VỀ)
truyenthongvaphattrien.vn,200,https://truyenthongvaphattrien.vn/
tsfu.vn,ERR,"HTTPSConnectionPool(host='tsfu.vn', port=443): Max retries exceeded with url: / "
tthnsk-dongnai.com.vn,ERR,"HTTPSConnectionPool(host='tthnsk-dongnai.com.vn', port=443): Max retries exceede"
tumbler.vn,ERR,"HTTPSConnectionPool(host='tumbler.vn', port=443): Max retries exceeded with url:"
tunai4d.net,ERR,"HTTPSConnectionPool(host='tunai4d.net', port=443): Max retries exceeded with url"
tuoitre.vn,200,https://tuoitre.vn/
tuoitrebariavungtau.vn,ERR,"HTTPSConnectionPool(host='tuoitrebariavungtau.vn', port=443): Max retries exceed"
tuoitrexahoi.vn,200,https://tuoitrexahoi.vn/
tuongda.com.vn,200,https://tuongda.com.vn/
tuvitrondoi.vn,ERR,"HTTPSConnectionPool(host='tuvitrondoi.vn', port=443): Max retries exceeded with "
ubeauty.vn,200,https://ubeauty.vn/
udicwestlake.com.vn,ERR,"HTTPSConnectionPool(host='udicwestlake.com.vn', port=443): Max retries exceeded "
unikmart.com.vn,200,https://unikmart.com.vn/
up.pens.com.vn,ERR,"HTTPSConnectionPool(host='up.pens.com.vn', port=443): Max retries exceeded with "
usatoday.com,200,https://www.usatoday.com/
uyenuong.net,200,https://uyenuong.net/
vacpa.edu.vn,ERR,"HTTPSConnectionPool(host='vacpa.edu.vn', port=443): Max retries exceeded with ur"
vangduymong.com,200,https://vangduymong.com/
vangkimchung.net,200,https://vangkimchung.net/
vanhoathoidai.vn,200,https://vanhoathoidai.vn/
vanhoavadoisong.vn,200,https://vanhoavadoisong.vn/
vanhoavaphattrien.vn,200,https://vanhoavaphattrien.vn/
vaporizero.com,200,https://www.vaporizero.com/
vatnuoi.vn,ERR,"HTTPSConnectionPool(host='vatnuoi.vn', port=443): Max retries exceeded with url:"
venusmotorbike.vn,ERR,"HTTPSConnectionPool(host='venusmotorbike.vn', port=443): Max retries exceeded wi"
vesinhdanang.net,ERR,"HTTPSConnectionPool(host='vesinhdanang.net', port=443): Max retries exceeded wit"
vethan.vn,200,https://vethan.vn/
vetranhtuongviet.vn,200,https://www.vetranhtuongviet.vn/
vibehandmade.vn,ERR,"HTTPSConnectionPool(host='vibehandmade.vn', port=443): Max retries exceeded with"
vienhoahocvatlieu.com.vn,ERR,"HTTPSConnectionPool(host='vienhoahocvatlieu.com.vn', port=443): Max retries exce"
vienmoitruong5014.org.vn,ERR,"HTTPSConnectionPool(host='vienmoitruong5014.org.vn', port=443): Max retries exce"
vietbao.vn,200,https://vietbao.vn/
vietcetera.com,200,https://vietcetera.com/
vietnam.travel,200,https://vietnam.travel/
vietnambiz.vn,200,https://vietnambiz.vn/
vietnamhuongsac.vn,200,https://vietnamhuongsac.vn/
vietnammoi.vn,200,https://vietnammoi.vn/
vietnamnet.vn,200,https://vietnamnet.vn/
vietnamplus.vn,200,https://www.vietnamplus.vn/
vietnamtop10.net,200,https://vietnamtop10.net/
vietnamtourism.gov.vn,200,https://vietnamtourism.gov.vn/
vietnamtuoidep.net,200,https://vietnamtuoidep.net/
vietpost.com.vn,200,https://vietpost.com.vn/
vietq.vn,200,https://vietq.vn/
vietstock.vn,200,https://vietstock.vn/
vinagiasu.vn,ERR,"HTTPSConnectionPool(host='vinagiasu.vn', port=443): Max retries exceeded with ur"
vinfastgiatot.com.vn,200,https://vinfastgiatot.com.vn/
vinhlongtoplist.com,200,https://vinhlongtoplist.com/
vinhomescoloa.com.vn,200,https://guestpost.vn/
vir.com.vn,200,https://vir.com.vn/
vivuxuyenviet.net,200,https://vivuxuyenviet.net/
vneconomy.vn,200,https://vneconomy.vn/
vnexpress.net,200,https://vnexpress.net/
vnfinance.vn,200,https://vnfinance.vn/
vnmedia.vn,ERR,"HTTPSConnectionPool(host='vnmedia.vn', port=443): Max retries exceeded with url:"
vnreview.vn,200,https://vnreview.vn/
vov.vn,403,https://vov.vn/
vsf.org.vn,ERR,"HTTPSConnectionPool(host='vsf.org.vn', port=443): Max retries exceeded with url:"
vtcnews.vn,200,https://vtcnews.vn/
vtv.vn,200,https://vtv.vn/
vugiaphat.vn,ERR,"HTTPSConnectionPool(host='vugiaphat.vn', port=443): Max retries exceeded with ur"
vuongquoctranh.com,200,https://www.vuongquoctranh.com/
vuonlan.com.vn,ERR,"HTTPSConnectionPool(host='vuonlan.com.vn', port=443): Max retries exceeded with "
warrantek.vn,200,https://warrantek.vn/
webnewswires.com,200,https://webnewswires.com/
webtretho.com,200,https://www.webtretho.vn/
weddingstats.org,200,https://www.weddingstats.org/
weirdworm.com,200,https://www.weirdworm.net/
wetechmedia.com,200,https://wetechmedia.com/
whatmouse.com,200,https://www.whatmouse.com/
wiki.batdongsan.com.vn,200,https://wiki.batdongsan.com.vn/
wikitechno.de,200,https://wikitechno.de/
wikithammy.com,200,https://wikithammy.com/
wsj.com,401,https://www.wsj.com/
"www.24h.com.vn Bài PR loại 2 ( TTTD,KD)",ERR,"Failed to parse: https://www.24h.com.vn Bài PR loại 2 ( TTTD,KD)"
www.24h.com.vn Bài PR loại 2 (Mục còn lại),ERR,Failed to parse: https://www.24h.com.vn Bài PR loại 2 (Mục còn lại)
xahoi.com.vn,200,https://xahoi.com.vn/
xaluannews.com,200,https://www.xaluannews.com/
xaydung.edu.vn,ERR,"HTTPSConnectionPool(host='xaydung.edu.vn', port=443): Max retries exceeded with "
xaynhadep.com.vn,200,https://xaynhadep.com.vn/
xedienmanhphat.com,200,https://xedienmanhphat.com/
ximangcantho.vn,ERR,"HTTPSConnectionPool(host='ximangcantho.vn', port=443): Max retries exceeded with"
yan.vn,200,https://www.yan.vn/
yeah1.com,200,https://yeah1.com/
ykhoabacsaigon.vn,ERR,"HTTPSConnectionPool(host='ykhoabacsaigon.vn', port=443): Max retries exceeded wi"
zeldabeauty.com,200,https://zeldabeauty.com/
zerohedge.com,200,https://www.zerohedge.com:443
zhongruan.edu.vn,ERR,"HTTPSConnectionPool(host='zhongruan.edu.vn', port=443): Max retries exceeded wit"
znews.vn,200,https://znews.vn/
znews.vn (Zing),ERR,"HTTPSConnectionPool(host='znews.vn%20(zing)', port=443): Max retries exceeded wi"
