domain,dr
3dsmax.com.vn,0.0
banvatlieuxaydung.net,0.0
cacanhnho.com,0.0
caycongtrinh24h.vn,0.0
diadiemthanhhoa.com,0.0
dichvusonnha.vn,0.0
karaoke.info.vn,0
maiche.vn,0
muaphelieusg.com,0
namhocsg.com,0
nhathuoctaman.net,0
suadiennuoctainha.com.vn,0
suaxedung.com,0
suaxemay24h.com,0
techsfeed.com,0
thegioimatkinh.com.vn,0
timbatdongsan.vn,0
toplistviet.org,0
tuongda.com.vn,0
unikmart.com.vn,0
vangduymong.com,0
vangkimchung.net,0
vietnamtuoidep.net,0
vietpost.com.vn,0
vinfastgiatot.com.vn,0
wetechmedia.com,0
dichbiensoxe.online,0.1
hoiquanfreefire.com,0.1
itoplist.vn,0.1
kevinlebeautygroup.com,0.1
khomaucnc.com.vn,0.1
mitsuphuongnguyen.vn,0.1
officeforrent.com.vn,0.1
top10binhduong.com.vn,0.1
top10quangnam.vn,0.1
chohaisanonline.vn,0.2
digitby.com,0.2
kamiidphoto.vn,0.2
lamhochieu.net,0.2
mitsubishi-isamco.com.vn,0.2
tocotocotanan.com,0.2
truckslane.com,0.2
fjn.vn,0.3
phongvuarc.com,0.3
dailymail4you.com,0.4
doxeshchuyennghiep.vn,0.4
top10binhphuoc.vn,0.4
top10camau.vn,0.4
truckszilla.com,0.4
banptktcn-ninhbinh.vn,0.5
trungtamytedian.com,0.5
top10quangngai.vn,0.6
chungcuhungthinhlinhdam.com.vn,0.7
sabudo.vn,0.7
sanbonglathanh.com,0.7
hauthien.com,0.8
qtc.vn,0.8
sanbongdahca.com,0.8
slidez.vn,0.8
onggiacali.vn,0.9
vethan.vn,0.9
nhanghiganday.vn,1
nano-ceramic.vn,1.1
thuexemay.com.vn,1.1
actionenglish.vn,1.2
phuot247.vn,1.2
cobid.org,1.3
phongthuytaitam.vn,1.3
thebestbuyguide.com,1.3
gachmenthanhtung.vn,1.4
lifescience1.com,1.4
sanbongchaolua.com,1.4
baobihoatrung.com.vn,1.5
vietnamtop10.net,1.5
cbdgain.com,1.6
sanbongdamhong2.com,1.6
thucanh.vn,1.6
toptonghop.com,1.6
thuviendohoa.vn,1.7
marina-club.com.vn,1.9
banchungcumini.vn,2.0
greenbusinessonly.com,2.0
zeldabeauty.com,2.0
suoiluong.com.vn,2.1
marketsharegroup.com,2.2
bomotnanggialai.vn,2.3
hnsland.vn,2.3
nhalocphat.vn,2.3
longthanhcentralpoint.vn,2.4
techlogus.com,2.4
vaporizero.com,2.4
xahoi.com.vn,2.4
kinhtethoidai.net,2.5
dongthaptoplist.com,2.6
hungyentoplist.com,2.6
ninhbinhtoplist.com,2.6
thutucxuatnhapkhau.net,2.6
haiphongtoplist.com,2.7
quangninhtoplist.com,2.7
top10binhthuan.vn,2.7
marketbusiness.info,2.8
haiduongtoplist.com,2.9
hatinhtoplist.com,2.9
vinhlongtoplist.com,2.9
vuongquoctranh.com,3.0
icccftu.vn,3.1
ixprl.com,3.1
comentarium.com,3.2
vinhomescoloa.com.vn,3.2
amthuc10phut.vn,3.5
banawa.com.vn,3.6
camnangsuckhoeso.net,3.6
ladipage.com.vn,3.6
mrfix.com.vn,3.6
chickenla-e.vn,3.7
quangnamtoplist.com,3.7
remnhuanganlanh.vn,3.7
hiephoixedien.com,3.8
vivuxuyenviet.net,3.8
technologyguiders.com,3.9
angiangtoplist.com,4.0
proreviewbuzz.com,4
atotalnews.com,4.1
songsachfood.com,4.1
ciicentral.com,4.2
quangbinhtoplist.com,4.3
cozyvietnamtravel.vn,4.4
inoxsaophuongnam.com,4.4
webnewswires.com,4.4
mamcungviet.com.vn,4.6
thuanphat.edu.vn,4.6
digitalgamersdream.com,4.7
kuttywebnews.com,4.8
taxibinhan.vn,4.8
top10riviu.com,4.8
tiengiangtoplist.vn,4.9
chungcumuongthanh.net.vn,5.0
huongnghiep.com.vn,5.0
khoancatbetonggiare.vn,5
phuthotoplist.com,5
sanvatphuongnam.vn,5
suadogotainha.com.vn,5
thanhhoatoplist.com,5
yeah1.com,5
